{"cameraMode":{"drawMode":0,"name":"Shaded","section":"Shading Mode"},"sceneLighting":true,"audioPlay":false,"sceneViewState":{"m_AlwaysRefresh":false,"showFog":true,"showSkybox":true,"showFlares":true,"showImageEffects":true,"showParticleSystems":true,"showVisualEffectGraphs":true,"m_FxEnabled":true},"in2DMode":false,"pivot":{"x":0.8586931228637695,"y":-0.34709954261779787,"z":-1.6360280513763428},"rotation":{"x":0.15443594753742219,"y":-0.6331062316894531,"z":0.13069570064544679,"w":0.7472377419471741},"size":4.496773719787598,"orthographic":false}