{"cameraMode":{"drawMode":0,"name":"Shaded","section":"Shading Mode"},"sceneLighting":true,"audioPlay":false,"sceneViewState":{"m_AlwaysRefresh":false,"showFog":true,"showSkybox":true,"showFlares":true,"showImageEffects":true,"showParticleSystems":true,"showVisualEffectGraphs":true,"m_FxEnabled":true},"in2DMode":false,"pivot":{"x":-14.263837814331055,"y":4.119483947753906,"z":-4.8057661056518559},"rotation":{"x":-0.027307962998747827,"y":-0.7400348782539368,"z":-0.03029193915426731,"w":0.6714643836021423},"size":9.893281936645508,"orthographic":false}