{"cameraMode":{"drawMode":0,"name":"Shaded","section":"Shading Mode"},"sceneLighting":true,"audioPlay":false,"sceneViewState":{"m_AlwaysRefresh":false,"showFog":true,"showSkybox":true,"showFlares":true,"showImageEffects":true,"showParticleSystems":true,"showVisualEffectGraphs":true,"m_FxEnabled":true},"in2DMode":false,"pivot":{"x":-1.0109057426452637,"y":0.8701286315917969,"z":3.4538497924804689},"rotation":{"x":0.10816916078329086,"y":0.8555999994277954,"z":-0.46554049849510195,"w":0.19880032539367677},"size":9.12024974822998,"orthographic":false}